[
    {
        "id":               1,
        "name":             "Company 1",
        "targetUsd":        20000000,
        "investmentUsd":    13801299,
        "noInvestors":      2310
    },
    {
        "id":               2,
        "name":             "Company 2",
        "targetUsd":        35000000,
        "investmentUsd":    41251365,
        "noInvestors":      3951
    },
    {
        "id":               3,
        "name":             "Company 3",
        "targetUsd":        70000000,
        "investmentUsd":    59621800,
        "noInvestors":      10133
    },
    {
        "id":               4,
        "name":             "Company4",
        "targetUsd":        25000000,
        "investmentUsd":    7114335,
        "noInvestors":      1201
    }
]
