[
    {
        "id": 1,
        "transactions": [
            {
                "id":               "081734",
                "investorId":       "01933",
                "amountUsd":        15000
            },
            {
                "id":               "891342",
                "investorId":       "01928",
                "amountUsd":        2000
            },
            {
                "id":               "082373",
                "investorId":       "00689",
                "amountUsd":        3000
            },
            {
                "id":               "073435",
                "investorId":       "16779",
                "amountUsd":        5000
            }
        ]
    },
    {
        "id": 2,
        "transactions": [
            {
                "id":               "861333",
                "investorId":       "01250",
                "amountUsd":        3500
            },
            {
                "id":               "029871",
                "investorId":       "05699",
                "amountUsd":        1000
            },
            {
                "id":               "579443",
                "investorId":       "10236",
                "amountUsd":        10000
            },
            {
                "id":               "097124",
                "investorId":       "10684",
                "amountUsd":        6000
            },
            {
                "id":               "682231",
                "investorId":       "20113",
                "amountUsd":        7000
            },
            {
                "id":               "869231",
                "investorId":       "10654",
                "amountUsd":        8000
            },
            {
                "id":               "981623",
                "investorId":       "10136",
                "amountUsd":        2000
            },
            {
                "id":               "982873",
                "investorId":       "00298",
                "amountUsd":        2500
            }
        ]
    },
    {
        "id": 3,
        "transactions": [
            {
                "id":               "082373",
                "investorId":       "11244",
                "amountUsd":        1000
            },
            {
                "id":               "081233",
                "investorId":       "02911",
                "amountUsd":        2000
            },
            {
                "id":               "098127",
                "investorId":       "21098",
                "amountUsd":        6000
            },
            {
                "id":               "986124",
                "investorId":       "02245",
                "amountUsd":        15000
            },
            {
                "id":               "961242",
                "investorId":       "03164",
                "amountUsd":        12000
            },
            {
                "id":               "986213",
                "investorId":       "00298",
                "amountUsd":        1500
            },
            {
                "id":               "981722",
                "investorId":       "10355",
                "amountUsd":        8000
            },
            {
                "id":               "917221",
                "investorId":       "01921",
                "amountUsd":        4000
            },
            {
                "id":               "072116",
                "investorId":       "18086",
                "amountUsd":        2500
            }
        ]
    },
    {
        "id": 4,
        "transactions": [
            {
                "id":               "682433",
                "investorId":       "03987",
                "amountUsd":        3000
            },
            {
                "id":               "067162",
                "investorId":       "12348",
                "amountUsd":        5000
            },
            {
                "id":               "052231",
                "investorId":       "03984",
                "amountUsd":        1000
            }
        ]
    }
]